               epoch,      train/box_loss,      train/obj_loss,      train/cls_loss,   metrics/precision,      metrics/recall,     metrics/mAP_0.5,metrics/mAP_0.5:0.95,        val/box_loss,        val/obj_loss,        val/cls_loss,               x/lr0,               x/lr1,               x/lr2
                   0,             0.11198,            0.016406,            0.031669,             0.72429,             0.23697,             0.20945,            0.051798,            0.088306,             0.01552,            0.019618,             0.00203,             0.00203,             0.08173
                   1,            0.083941,            0.013652,            0.013346,             0.79685,             0.33464,             0.32983,             0.10383,            0.069133,            0.012995,            0.010791,           0.0040699,           0.0040699,             0.06337
                   2,            0.073512,            0.012671,            0.010084,             0.85668,             0.35209,              0.3498,            0.098484,            0.067921,            0.012856,           0.0097622,           0.0061095,           0.0061095,            0.045009
                   3,            0.065499,            0.012485,           0.0089292,             0.91911,              0.4015,              0.5604,             0.23011,            0.058501,            0.014157,           0.0092875,           0.0081484,           0.0081484,            0.026648
                   4,            0.059962,            0.012248,           0.0081519,             0.48125,             0.52935,             0.50617,             0.20805,             0.05825,             0.01581,           0.0083119,           0.0099965,           0.0099965,           0.0099965
                   5,            0.055071,            0.011909,           0.0072135,             0.65727,             0.64592,             0.66118,             0.26468,            0.053529,            0.012728,           0.0056567,           0.0099965,           0.0099965,           0.0099965
                   6,            0.051403,            0.011497,           0.0065329,             0.69327,             0.68104,             0.71253,             0.33956,            0.048166,            0.011388,           0.0057191,           0.0099945,           0.0099945,           0.0099945
                   7,            0.049226,            0.011162,           0.0060118,             0.66283,             0.71287,             0.69646,             0.36257,             0.04391,            0.010321,           0.0048758,           0.0099921,           0.0099921,           0.0099921
                   8,            0.047438,            0.010896,           0.0055243,              0.8385,             0.75354,             0.74938,             0.43851,            0.043002,            0.010808,           0.0039796,           0.0099893,           0.0099893,           0.0099893
                   9,            0.045986,            0.010735,           0.0053139,             0.80095,             0.71879,             0.71421,             0.41853,            0.042875,            0.010482,           0.0047431,            0.009986,            0.009986,            0.009986
                  10,             0.04513,            0.010636,           0.0049735,             0.91925,             0.71929,             0.74171,              0.4325,            0.043378,            0.010579,           0.0042844,           0.0099822,           0.0099822,           0.0099822
                  11,            0.044299,            0.010517,           0.0047944,             0.89122,             0.72516,             0.76537,             0.42964,            0.041478,            0.010229,           0.0042158,           0.0099781,           0.0099781,           0.0099781
                  12,            0.043772,            0.010413,            0.004843,             0.83183,             0.86598,             0.84346,             0.46614,             0.04247,            0.010015,           0.0034862,           0.0099735,           0.0099735,           0.0099735
                  13,            0.043428,            0.010304,           0.0046455,             0.91746,             0.73591,             0.79205,             0.46973,            0.040415,           0.0099584,           0.0036499,           0.0099685,           0.0099685,           0.0099685
                  14,            0.042261,             0.01019,           0.0042204,             0.81434,             0.84633,             0.81933,             0.46189,             0.04019,           0.0096093,           0.0036965,            0.009963,            0.009963,            0.009963
                  15,            0.042001,            0.010134,           0.0042034,              0.9065,             0.87571,             0.86823,              0.5032,            0.039754,           0.0096133,           0.0032015,           0.0099571,           0.0099571,           0.0099571
                  16,            0.041442,            0.010044,            0.004076,             0.86374,             0.88477,             0.87798,             0.51539,            0.040219,           0.0096452,           0.0032064,           0.0099508,           0.0099508,           0.0099508
                  17,            0.041469,            0.010062,           0.0042398,             0.83613,             0.80116,             0.82745,              0.5021,            0.039635,           0.0096194,            0.003374,            0.009944,            0.009944,            0.009944
                  18,             0.04113,           0.0099161,           0.0040425,             0.94381,             0.79315,             0.82102,             0.50391,            0.040527,           0.0095385,           0.0033818,           0.0099368,           0.0099368,           0.0099368
                  19,            0.040769,           0.0098361,           0.0038553,             0.90589,             0.86036,             0.87299,               0.533,            0.039248,           0.0093511,           0.0032379,           0.0099291,           0.0099291,           0.0099291
                  20,            0.040558,           0.0097388,           0.0038059,             0.86855,             0.80115,             0.81345,             0.49342,            0.039347,           0.0096091,           0.0032485,           0.0099211,           0.0099211,           0.0099211
                  21,            0.040023,           0.0096235,           0.0037936,              0.8558,             0.80966,             0.82505,             0.51009,            0.038767,           0.0094245,           0.0028904,           0.0099126,           0.0099126,           0.0099126
                  22,            0.039764,            0.009609,           0.0036838,              0.9564,             0.84537,               0.895,              0.5278,            0.039021,           0.0092431,           0.0029004,           0.0099037,           0.0099037,           0.0099037
                  23,            0.039943,           0.0096832,           0.0036827,             0.96633,             0.87835,             0.88854,             0.48626,            0.039819,           0.0093159,           0.0028738,           0.0098943,           0.0098943,           0.0098943
                  24,            0.039536,           0.0095702,           0.0036342,             0.95466,             0.88271,             0.88992,             0.52836,            0.037798,           0.0089659,           0.0028444,           0.0098845,           0.0098845,           0.0098845
                  25,            0.039197,           0.0095569,           0.0036563,             0.96309,             0.83784,             0.87824,             0.53339,            0.038247,           0.0091617,            0.002869,           0.0098743,           0.0098743,           0.0098743
                  26,            0.039231,             0.00952,           0.0036805,              0.8832,             0.87777,             0.87115,             0.50872,            0.038286,           0.0093452,           0.0027741,           0.0098637,           0.0098637,           0.0098637
                  27,            0.038902,           0.0094915,           0.0034761,             0.93745,             0.88054,             0.89871,             0.51865,             0.03796,           0.0091137,           0.0025654,           0.0098527,           0.0098527,           0.0098527
                  28,            0.038916,           0.0094548,           0.0035592,             0.97759,             0.83953,             0.87432,              0.5223,            0.038352,            0.009211,           0.0028143,           0.0098412,           0.0098412,           0.0098412
                  29,            0.038802,           0.0093786,           0.0035714,             0.96946,             0.86147,             0.88548,             0.54781,            0.037693,            0.009006,            0.002765,           0.0098293,           0.0098293,           0.0098293
                  30,            0.038311,           0.0093582,           0.0034301,             0.86884,             0.87183,             0.88318,             0.54009,            0.038812,           0.0091306,             0.00299,            0.009817,            0.009817,            0.009817
                  31,            0.038246,           0.0094318,            0.003369,             0.95194,             0.89023,             0.90106,             0.54616,            0.038064,            0.008979,           0.0026068,           0.0098042,           0.0098042,           0.0098042
                  32,            0.038062,           0.0093713,           0.0033115,             0.97953,             0.86846,             0.88738,             0.57139,             0.03678,           0.0088028,           0.0024562,           0.0097911,           0.0097911,           0.0097911
                  33,            0.037995,           0.0092728,           0.0033359,             0.97937,             0.88275,             0.89467,             0.56203,            0.037181,           0.0088088,           0.0024978,           0.0097775,           0.0097775,           0.0097775
                  34,            0.038115,           0.0093382,           0.0032898,             0.95558,             0.88762,             0.89114,             0.56228,            0.036506,           0.0087896,           0.0024332,           0.0097635,           0.0097635,           0.0097635
                  35,            0.037878,           0.0091438,           0.0031446,             0.96148,             0.88449,             0.88649,             0.52852,            0.037074,           0.0087003,           0.0022771,           0.0097491,           0.0097491,           0.0097491
                  36,            0.037624,           0.0091863,           0.0031163,               0.972,             0.87115,             0.88752,             0.53131,            0.036756,           0.0088511,           0.0024804,           0.0097343,           0.0097343,           0.0097343
                  37,            0.037595,            0.009224,           0.0031926,              0.9689,             0.87563,             0.89457,             0.53691,            0.036606,            0.008857,           0.0024073,           0.0097191,           0.0097191,           0.0097191
                  38,            0.037624,           0.0092365,            0.003035,             0.97011,             0.86771,             0.89138,              0.5316,            0.037326,           0.0088278,            0.002343,           0.0097035,           0.0097035,           0.0097035
                  39,            0.037393,           0.0092806,           0.0031017,             0.97453,             0.88918,             0.89993,             0.55216,            0.037233,           0.0088622,            0.002485,           0.0096875,           0.0096875,           0.0096875
                  40,            0.037353,            0.009161,           0.0029464,             0.97308,             0.87533,             0.90661,             0.56243,            0.036249,           0.0086431,           0.0024609,            0.009671,            0.009671,            0.009671
                  41,             0.03716,           0.0090954,           0.0030162,             0.97599,             0.87137,             0.89186,              0.5359,            0.036932,           0.0089216,           0.0024118,           0.0096542,           0.0096542,           0.0096542
                  42,            0.036771,           0.0090523,           0.0029202,             0.98097,             0.87947,             0.89394,             0.55556,            0.035981,           0.0086394,           0.0023331,           0.0096369,           0.0096369,           0.0096369
                  43,             0.03707,           0.0090779,           0.0029708,             0.94756,             0.88864,             0.90725,             0.55191,            0.035902,           0.0085813,           0.0022528,           0.0096193,           0.0096193,           0.0096193
                  44,            0.037134,           0.0091409,           0.0029283,             0.86323,             0.88214,             0.89636,             0.54634,             0.03606,           0.0086619,           0.0021587,           0.0096013,           0.0096013,           0.0096013
                  45,            0.036504,           0.0089313,            0.002882,             0.94854,             0.86319,             0.90544,             0.57161,            0.036449,           0.0086252,           0.0020965,           0.0095828,           0.0095828,           0.0095828
                  46,            0.036453,           0.0089642,           0.0029113,             0.98084,             0.87006,             0.90914,             0.56437,            0.035844,           0.0086452,           0.0022082,            0.009564,            0.009564,            0.009564
                  47,            0.036512,           0.0089879,           0.0029013,             0.98441,             0.87494,              0.9114,             0.57525,            0.036127,           0.0084366,           0.0020298,           0.0095448,           0.0095448,           0.0095448
                  48,            0.036605,           0.0089218,            0.002854,             0.98199,             0.87802,             0.92207,              0.5809,            0.036278,           0.0085655,           0.0019723,           0.0095252,           0.0095252,           0.0095252
                  49,            0.036637,           0.0090242,           0.0029933,             0.97696,             0.88021,              0.9174,             0.56854,            0.035985,           0.0085109,           0.0022079,           0.0095052,           0.0095052,           0.0095052
                  50,             0.03618,           0.0089423,           0.0028222,             0.97234,             0.88927,             0.92226,             0.57509,            0.035912,           0.0085027,           0.0020387,           0.0094849,           0.0094849,           0.0094849
                  51,            0.036552,            0.009037,           0.0029611,             0.97789,             0.88337,              0.9032,              0.5732,            0.036063,            0.008565,           0.0022835,           0.0094641,           0.0094641,           0.0094641
                  52,            0.036294,           0.0090047,           0.0028902,             0.98196,             0.88133,             0.89959,             0.56323,            0.035999,           0.0085406,             0.00227,            0.009443,            0.009443,            0.009443
                  53,            0.036288,           0.0089464,            0.002852,             0.98001,             0.88413,             0.89612,             0.57695,            0.035833,           0.0085286,           0.0022056,           0.0094215,           0.0094215,           0.0094215
                  54,            0.036101,           0.0088257,           0.0025909,             0.98359,             0.88149,             0.89565,             0.57942,             0.03579,           0.0085518,           0.0021907,           0.0093996,           0.0093996,           0.0093996
                  55,            0.035925,            0.008906,            0.002803,             0.98405,             0.87176,             0.89748,             0.57919,            0.035698,           0.0085785,           0.0021974,           0.0093773,           0.0093773,           0.0093773
                  56,            0.036174,           0.0089998,           0.0028307,             0.97022,             0.89022,             0.89727,             0.58313,            0.035516,           0.0085325,           0.0021902,           0.0093547,           0.0093547,           0.0093547
                  57,            0.035975,           0.0089333,           0.0027561,             0.95685,             0.87264,              0.9026,              0.5856,            0.035357,           0.0084972,           0.0020664,           0.0093317,           0.0093317,           0.0093317
                  58,            0.035739,           0.0087898,           0.0026661,             0.97825,             0.87897,             0.89833,             0.58004,            0.035557,           0.0085555,           0.0021003,           0.0093083,           0.0093083,           0.0093083
                  59,            0.035903,           0.0088521,           0.0027585,             0.96784,              0.8914,             0.90529,             0.58254,            0.035632,           0.0085759,            0.002299,           0.0092846,           0.0092846,           0.0092846
                  60,            0.035529,           0.0088483,           0.0025741,             0.95726,             0.88961,             0.90611,             0.58177,            0.035584,           0.0085915,           0.0023816,           0.0092605,           0.0092605,           0.0092605
                  61,            0.035518,           0.0087755,           0.0025088,             0.88486,             0.89468,             0.89583,             0.58214,            0.035286,           0.0085193,           0.0023193,           0.0092361,           0.0092361,           0.0092361
                  62,            0.035591,           0.0087365,           0.0027515,             0.90154,             0.89559,             0.89169,             0.57815,            0.035479,           0.0085061,           0.0021997,           0.0092113,           0.0092113,           0.0092113
                  63,            0.035528,           0.0088404,           0.0027351,             0.86031,             0.89568,             0.88377,             0.58598,              0.0354,            0.008503,           0.0021989,           0.0091861,           0.0091861,           0.0091861
                  64,            0.035587,           0.0088004,           0.0025887,             0.96909,              0.8249,             0.87869,             0.58408,            0.035309,           0.0084757,           0.0021401,           0.0091606,           0.0091606,           0.0091606
                  65,            0.035142,           0.0087418,           0.0025538,             0.86113,             0.89452,             0.87828,              0.5855,            0.035232,           0.0084341,           0.0021297,           0.0091348,           0.0091348,           0.0091348
                  66,            0.035628,           0.0088791,           0.0026085,             0.97827,             0.88665,             0.90038,             0.58243,            0.035151,           0.0084412,            0.002113,           0.0091086,           0.0091086,           0.0091086
                  67,            0.035678,           0.0089827,           0.0025947,             0.98196,             0.88386,             0.90082,             0.58222,            0.035071,            0.008453,           0.0021619,           0.0090821,           0.0090821,           0.0090821
                  68,            0.034864,           0.0087183,           0.0024997,             0.91996,             0.88402,             0.88998,             0.58608,            0.035045,           0.0084727,           0.0022041,           0.0090552,           0.0090552,           0.0090552
                  69,            0.034849,           0.0087877,           0.0024828,             0.87979,             0.88332,             0.86816,             0.57053,            0.034989,           0.0085091,           0.0021839,            0.009028,            0.009028,            0.009028
                  70,            0.035165,           0.0087575,           0.0024447,             0.87603,             0.88495,             0.86873,             0.56872,            0.035022,           0.0085498,           0.0022967,           0.0090004,           0.0090004,           0.0090004
                  71,            0.035145,           0.0086562,           0.0025117,             0.87769,             0.88339,               0.868,             0.56824,            0.034993,           0.0085642,           0.0022968,           0.0089726,           0.0089726,           0.0089726
                  72,            0.035029,           0.0086729,           0.0025471,             0.87895,             0.88382,              0.8685,             0.57067,            0.034958,           0.0085815,           0.0022671,           0.0089444,           0.0089444,           0.0089444
                  73,            0.034939,           0.0086579,           0.0025567,             0.88315,             0.87942,             0.87426,             0.57555,            0.034892,           0.0085319,           0.0021885,           0.0089159,           0.0089159,           0.0089159
                  74,            0.035148,            0.008563,           0.0023899,             0.88493,             0.87874,             0.87282,             0.57411,            0.034879,           0.0084891,           0.0021293,            0.008887,            0.008887,            0.008887
                  75,            0.034912,           0.0087263,           0.0025151,              0.8842,             0.88046,              0.8881,             0.58384,            0.034919,           0.0085011,           0.0020859,           0.0088579,           0.0088579,           0.0088579
                  76,            0.035069,           0.0087281,           0.0024984,             0.88513,             0.87996,             0.88846,              0.5832,            0.034906,            0.008478,           0.0020637,           0.0088284,           0.0088284,           0.0088284
                  77,            0.034591,           0.0085797,           0.0024334,             0.88549,             0.87922,             0.88898,             0.58682,            0.034827,           0.0084225,           0.0020301,           0.0087987,           0.0087987,           0.0087987
                  78,              0.0344,           0.0085547,           0.0023987,              0.9868,             0.87326,             0.90916,             0.58533,            0.034803,           0.0084421,           0.0020264,           0.0087686,           0.0087686,           0.0087686
                  79,            0.034383,           0.0085587,            0.002291,             0.98594,               0.877,             0.90793,             0.58213,            0.034755,           0.0083978,           0.0020095,           0.0087382,           0.0087382,           0.0087382
                  80,            0.034479,           0.0085989,           0.0023051,             0.98646,             0.87794,             0.90692,             0.58871,              0.0347,           0.0083667,           0.0019971,           0.0087075,           0.0087075,           0.0087075
                  81,            0.034666,           0.0086271,           0.0023127,              0.9889,             0.87813,             0.91068,             0.58874,            0.034701,           0.0083523,           0.0019986,           0.0086765,           0.0086765,           0.0086765
                  82,            0.034828,            0.008606,           0.0025049,             0.98839,             0.87888,             0.91054,             0.59266,            0.034697,             0.00836,           0.0020085,           0.0086452,           0.0086452,           0.0086452
                  83,            0.034654,           0.0086148,           0.0024109,             0.98823,             0.88011,             0.90873,             0.59065,             0.03471,           0.0083732,           0.0020178,           0.0086137,           0.0086137,           0.0086137
                  84,            0.034624,           0.0086499,            0.002371,             0.98819,             0.88024,             0.90871,             0.58875,            0.034715,           0.0083662,           0.0020199,           0.0085818,           0.0085818,           0.0085818
                  85,             0.03425,           0.0085721,           0.0024439,             0.98557,             0.88036,             0.90649,             0.59001,            0.034734,           0.0083872,           0.0020083,           0.0085497,           0.0085497,           0.0085497
                  86,            0.034203,           0.0086054,           0.0023625,             0.98313,             0.88041,             0.90889,             0.59338,            0.034783,           0.0083715,           0.0020063,           0.0085173,           0.0085173,           0.0085173
                  87,            0.034298,           0.0084943,           0.0022875,             0.98569,             0.87667,               0.909,             0.59298,            0.034779,           0.0083602,           0.0020025,           0.0084846,           0.0084846,           0.0084846
                  88,            0.034226,           0.0085083,           0.0022714,             0.98013,             0.88067,             0.90913,             0.59376,            0.034769,           0.0083724,           0.0020087,           0.0084516,           0.0084516,           0.0084516
                  89,            0.034406,           0.0085118,           0.0023624,             0.98014,             0.88082,             0.91069,             0.59454,             0.03473,            0.008366,           0.0020051,           0.0084184,           0.0084184,           0.0084184
                  90,            0.033865,           0.0084238,           0.0022143,             0.98078,             0.88072,             0.91076,             0.59287,            0.034719,           0.0083563,           0.0020016,           0.0083849,           0.0083849,           0.0083849
                  91,            0.033841,           0.0085491,           0.0023689,             0.97894,             0.88065,             0.91072,             0.58577,            0.034715,           0.0083725,           0.0020045,           0.0083511,           0.0083511,           0.0083511
                  92,             0.03404,           0.0085026,            0.002244,             0.97866,             0.88021,             0.91102,             0.58433,            0.034683,           0.0083641,           0.0019995,           0.0083171,           0.0083171,           0.0083171
                  93,            0.033868,           0.0085057,           0.0022886,             0.97774,             0.88034,             0.91103,             0.58319,            0.034703,            0.008352,            0.001993,           0.0082829,           0.0082829,           0.0082829
                  94,            0.034092,           0.0085007,           0.0021865,             0.97707,             0.88048,             0.91111,             0.58346,            0.034727,           0.0083489,             0.00199,           0.0082483,           0.0082483,           0.0082483
                  95,            0.033693,           0.0084882,            0.002263,             0.97632,             0.88071,             0.91118,             0.58202,            0.034734,           0.0083468,           0.0019823,           0.0082136,           0.0082136,           0.0082136
                  96,            0.034131,           0.0085086,            0.002204,             0.97565,              0.8806,             0.91123,             0.58317,            0.034746,           0.0083443,           0.0019783,           0.0081786,           0.0081786,           0.0081786
                  97,            0.033254,           0.0083197,           0.0021365,             0.97378,              0.8807,             0.90965,             0.57999,            0.034727,           0.0083391,           0.0019804,           0.0081433,           0.0081433,           0.0081433
                  98,            0.033493,           0.0084473,            0.002233,              0.9738,             0.88058,             0.90971,             0.57886,             0.03471,           0.0083526,           0.0019771,           0.0081078,           0.0081078,           0.0081078
                  99,            0.033728,           0.0083606,           0.0022262,              0.9735,             0.88046,             0.91019,             0.58158,            0.034684,           0.0083252,           0.0019762,           0.0080721,           0.0080721,           0.0080721
                 100,            0.033726,           0.0083183,           0.0021622,             0.97767,             0.87815,             0.91012,             0.58788,            0.034652,           0.0083368,           0.0019845,           0.0080362,           0.0080362,           0.0080362
                 101,            0.033365,           0.0083706,           0.0021934,             0.97783,             0.87815,             0.91007,             0.58164,            0.034654,            0.008341,           0.0019827,               0.008,               0.008,               0.008
                 102,            0.033686,           0.0082831,           0.0021923,             0.97454,             0.88017,             0.91113,             0.58209,            0.034641,            0.008326,           0.0019781,           0.0079636,           0.0079636,           0.0079636
                 103,             0.03352,           0.0084004,           0.0021894,             0.97492,             0.87991,             0.91179,              0.5824,            0.034658,           0.0083087,           0.0019683,            0.007927,            0.007927,            0.007927
                 104,            0.033124,           0.0082848,           0.0020927,             0.97485,             0.87989,             0.91189,             0.58279,            0.034665,           0.0083224,           0.0019588,           0.0078902,           0.0078902,           0.0078902
                 105,            0.033338,           0.0084043,           0.0021568,             0.97525,             0.87989,             0.91193,             0.58359,             0.03464,           0.0083069,           0.0019555,           0.0078532,           0.0078532,           0.0078532
                 106,            0.032984,           0.0083113,           0.0021909,             0.97564,             0.87989,             0.91194,             0.59001,            0.034633,            0.008325,           0.0019537,            0.007816,            0.007816,            0.007816
                 107,            0.033332,           0.0083115,           0.0021835,             0.97626,             0.87989,             0.91198,             0.59009,            0.034621,            0.008332,           0.0019507,           0.0077785,           0.0077785,           0.0077785
                 108,             0.03309,           0.0083183,           0.0020921,             0.97604,             0.87992,             0.91205,             0.58965,             0.03464,           0.0083164,           0.0019402,           0.0077409,           0.0077409,           0.0077409
                 109,            0.033035,           0.0083859,           0.0020599,             0.97577,             0.87992,             0.91206,             0.58387,            0.034637,           0.0082909,           0.0019348,           0.0077031,           0.0077031,           0.0077031
                 110,            0.032842,           0.0082369,           0.0020553,              0.9749,             0.87989,             0.91204,             0.58383,            0.034643,           0.0083138,           0.0019376,           0.0076651,           0.0076651,           0.0076651
                 111,            0.033162,           0.0083218,           0.0021215,             0.96987,             0.88316,             0.91209,             0.59139,            0.034637,           0.0082967,           0.0019335,           0.0076269,           0.0076269,           0.0076269
                 112,            0.033012,           0.0083023,           0.0020875,             0.97019,             0.88304,             0.91213,               0.583,            0.034631,           0.0083053,           0.0019279,           0.0075886,           0.0075886,           0.0075886
                 113,            0.033115,           0.0082938,           0.0020825,              0.9692,             0.88302,             0.91218,              0.5825,            0.034622,            0.008301,           0.0019234,           0.0075501,           0.0075501,           0.0075501
                 114,            0.033019,           0.0082685,           0.0020412,             0.96947,             0.88294,             0.91225,             0.58566,             0.03461,           0.0082777,           0.0019197,           0.0075114,           0.0075114,           0.0075114
                 115,            0.032857,           0.0082076,           0.0019947,             0.96975,             0.88297,             0.91223,             0.58605,            0.034609,           0.0082991,           0.0019201,           0.0074725,           0.0074725,           0.0074725
                 116,            0.032693,           0.0082355,           0.0020153,             0.97024,             0.88266,             0.91224,              0.5929,            0.034596,           0.0082789,            0.001917,           0.0074335,           0.0074335,           0.0074335
                 117,            0.032781,           0.0082474,           0.0020165,             0.97035,             0.88255,             0.91236,             0.59355,            0.034582,           0.0083007,           0.0019131,           0.0073943,           0.0073943,           0.0073943
                 118,            0.032245,            0.008155,           0.0019569,             0.97033,             0.88235,             0.91242,             0.59613,            0.034569,            0.008312,           0.0019106,            0.007355,            0.007355,            0.007355
                 119,            0.032203,           0.0081373,            0.001987,             0.97072,             0.88229,             0.91251,             0.59737,            0.034545,            0.008276,           0.0019061,           0.0073155,           0.0073155,           0.0073155
                 120,            0.032186,           0.0081538,           0.0019323,             0.97111,              0.8822,             0.91253,             0.60031,             0.03455,           0.0082909,           0.0019059,           0.0072758,           0.0072758,           0.0072758
                 121,            0.032373,           0.0081922,           0.0019615,             0.97132,             0.88212,             0.91246,             0.59926,            0.034553,           0.0082888,             0.00191,           0.0072361,           0.0072361,           0.0072361
                 122,            0.032207,           0.0081321,            0.001957,             0.97231,             0.88199,             0.91253,             0.60186,            0.034529,           0.0082867,           0.0019058,           0.0071962,           0.0071962,           0.0071962
                 123,            0.032256,           0.0081592,           0.0019386,             0.97173,             0.88196,             0.91273,              0.6014,            0.034516,           0.0082634,           0.0019052,           0.0071561,           0.0071561,           0.0071561
                 124,            0.032179,           0.0081496,           0.0018908,             0.98048,             0.87654,             0.91313,             0.60263,            0.034514,            0.008283,           0.0019051,            0.007116,            0.007116,            0.007116
                 125,            0.032454,           0.0082001,           0.0019724,             0.98191,             0.87577,             0.91322,              0.6018,              0.0345,            0.008299,           0.0019053,           0.0070757,           0.0070757,           0.0070757
                 126,            0.032192,           0.0080847,           0.0019493,             0.98287,             0.87583,             0.91314,             0.60311,            0.034483,           0.0082724,           0.0019091,           0.0070353,           0.0070353,           0.0070353
                 127,            0.031935,           0.0080632,           0.0018661,             0.98453,             0.87557,             0.91363,             0.60256,            0.034484,           0.0082631,           0.0019102,           0.0069948,           0.0069948,           0.0069948
                 128,            0.032122,           0.0080485,           0.0018886,             0.97877,             0.87909,             0.91438,              0.6003,            0.034474,           0.0082686,           0.0019132,           0.0069541,           0.0069541,           0.0069541
                 129,            0.031882,           0.0080849,           0.0018589,             0.98485,             0.87545,             0.91501,             0.60812,            0.034469,           0.0082755,           0.0019089,           0.0069134,           0.0069134,           0.0069134
                 130,            0.032183,           0.0081513,           0.0018449,             0.98521,             0.87549,             0.91541,              0.6062,            0.034448,           0.0082909,           0.0019085,           0.0068726,           0.0068726,           0.0068726
                 131,            0.031638,           0.0080667,           0.0018364,             0.98572,             0.87545,             0.91579,             0.60913,            0.034427,           0.0082717,           0.0019127,           0.0068316,           0.0068316,           0.0068316
                 132,            0.031775,           0.0080177,           0.0018703,             0.98011,             0.87913,             0.91605,             0.60985,            0.034416,           0.0082552,           0.0019119,           0.0067906,           0.0067906,           0.0067906
                 133,            0.032124,           0.0080934,           0.0019294,             0.98773,             0.87514,             0.91787,             0.61113,            0.034409,           0.0082605,           0.0019097,           0.0067495,           0.0067495,           0.0067495
                 134,            0.031737,           0.0080098,           0.0018355,             0.98193,             0.87908,             0.91781,             0.61192,            0.034401,           0.0082565,           0.0019068,           0.0067083,           0.0067083,           0.0067083
                 135,            0.031686,           0.0080405,           0.0018453,             0.98432,             0.87924,             0.91789,             0.61194,            0.034392,           0.0082539,           0.0019066,           0.0066671,           0.0066671,           0.0066671
                 136,             0.03183,           0.0080231,           0.0018669,             0.98395,             0.87931,             0.91792,             0.61167,            0.034387,            0.008252,           0.0019076,           0.0066257,           0.0066257,           0.0066257
                 137,            0.031491,           0.0079356,           0.0017803,             0.98811,              0.8763,             0.91603,             0.61552,            0.034384,           0.0082496,           0.0019035,           0.0065843,           0.0065843,           0.0065843
                 138,            0.031142,           0.0079074,           0.0017904,             0.98822,             0.87577,             0.91603,              0.6152,            0.034431,           0.0082277,           0.0018997,           0.0065429,           0.0065429,           0.0065429
                 139,             0.03125,           0.0079068,            0.001862,             0.98808,             0.87508,             0.91792,             0.61336,            0.034419,           0.0082221,              0.0019,           0.0065013,           0.0065013,           0.0065013
                 140,            0.031345,            0.007978,           0.0018582,             0.98664,             0.87524,             0.91819,             0.61446,            0.034393,           0.0081974,           0.0018992,           0.0064597,           0.0064597,           0.0064597
                 141,            0.031433,           0.0079367,            0.001702,             0.98464,             0.87658,             0.91825,              0.6131,            0.034397,           0.0082211,           0.0018955,           0.0064181,           0.0064181,           0.0064181
                 142,            0.031197,           0.0079681,           0.0017525,             0.98425,             0.87654,             0.91823,             0.61387,            0.034389,           0.0082176,           0.0018971,           0.0063764,           0.0063764,           0.0063764
                 143,            0.031334,           0.0080957,           0.0017842,             0.98272,             0.87659,              0.9183,             0.61423,            0.034351,           0.0082174,           0.0018956,           0.0063347,           0.0063347,           0.0063347
                 144,            0.031262,            0.007975,           0.0017841,             0.98279,             0.87639,             0.91841,             0.61427,             0.03435,           0.0081945,           0.0018985,            0.006293,            0.006293,            0.006293
                 145,            0.031125,           0.0079323,           0.0018474,             0.98378,             0.87643,             0.91823,             0.61444,            0.034336,           0.0081995,           0.0018987,           0.0062512,           0.0062512,           0.0062512
                 146,            0.031021,           0.0078984,           0.0016538,             0.98274,             0.87632,             0.91829,             0.61408,            0.034316,            0.008207,           0.0018961,           0.0062093,           0.0062093,           0.0062093
                 147,            0.030812,           0.0078695,           0.0017322,             0.98137,             0.87635,             0.91831,              0.6148,             0.03429,           0.0082095,           0.0018956,           0.0061675,           0.0061675,           0.0061675
                 148,            0.031133,           0.0079635,           0.0017716,             0.98128,             0.87633,             0.91837,             0.61484,            0.034261,           0.0082187,           0.0018986,           0.0061256,           0.0061256,           0.0061256
                 149,            0.030813,            0.007772,           0.0017292,              0.9814,             0.87646,             0.91846,             0.61546,            0.034237,           0.0082014,           0.0018992,           0.0060838,           0.0060838,           0.0060838
                 150,            0.030684,            0.007827,           0.0017406,             0.98035,             0.87652,             0.91856,             0.61451,            0.034214,           0.0082012,           0.0019011,           0.0060419,           0.0060419,           0.0060419
                 151,            0.030897,             0.00784,           0.0016887,             0.98044,             0.87648,             0.92742,              0.6144,            0.034192,           0.0082194,           0.0019032,               0.006,               0.006,               0.006
                 152,            0.030517,           0.0077227,           0.0016655,             0.98903,             0.87099,              0.9274,             0.61671,            0.034174,           0.0082069,           0.0019044,           0.0059581,           0.0059581,           0.0059581
                 153,            0.030768,           0.0077125,           0.0016704,             0.98926,             0.87092,              0.9282,             0.61089,            0.034175,           0.0081965,           0.0019048,           0.0059162,           0.0059162,           0.0059162
                 154,             0.03049,           0.0077872,           0.0017927,             0.98527,              0.8742,             0.92825,             0.61094,            0.034166,           0.0081973,           0.0019002,           0.0058744,           0.0058744,           0.0058744
                 155,             0.03049,           0.0077827,           0.0017694,             0.98979,             0.87114,             0.92825,             0.61031,            0.034159,           0.0082102,           0.0018987,           0.0058325,           0.0058325,           0.0058325
                 156,            0.030639,           0.0077271,           0.0016648,               0.986,             0.87312,             0.92825,              0.6103,            0.034152,           0.0081989,           0.0018997,           0.0057907,           0.0057907,           0.0057907
                 157,            0.030442,           0.0077894,           0.0016293,             0.98721,             0.87317,             0.91875,               0.609,            0.034132,           0.0081901,           0.0018983,           0.0057488,           0.0057488,           0.0057488
                 158,             0.02993,            0.007649,           0.0016072,               0.988,             0.87307,              0.9283,              0.6114,            0.034106,           0.0081656,           0.0018952,            0.005707,            0.005707,            0.005707
                 159,            0.030135,           0.0076964,           0.0016093,             0.98859,             0.87312,             0.92831,             0.61123,            0.034097,           0.0081788,           0.0018893,           0.0056653,           0.0056653,           0.0056653
                 160,            0.030202,           0.0077076,           0.0016194,              0.9881,             0.87323,             0.92832,             0.61123,            0.034086,           0.0081885,           0.0018862,           0.0056236,           0.0056236,           0.0056236
                 161,            0.030213,           0.0076486,           0.0016586,             0.98913,             0.87195,             0.93053,             0.61206,            0.034074,           0.0081466,           0.0018887,           0.0055819,           0.0055819,           0.0055819
                 162,            0.030204,           0.0076883,           0.0016628,             0.99011,             0.87186,             0.93052,             0.61037,             0.03407,            0.008152,            0.001893,           0.0055403,           0.0055403,           0.0055403
                 163,            0.030149,           0.0077171,           0.0016208,             0.99033,             0.87174,              0.9297,             0.61021,            0.034059,           0.0081612,           0.0018954,           0.0054987,           0.0054987,           0.0054987
                 164,            0.030208,           0.0077873,           0.0016142,             0.98971,             0.87179,             0.92174,             0.60783,            0.034052,           0.0081538,           0.0018998,           0.0054571,           0.0054571,           0.0054571
                 165,            0.029807,           0.0076268,           0.0016072,             0.98932,             0.87192,             0.92222,             0.60777,            0.034045,           0.0081527,           0.0019026,           0.0054157,           0.0054157,           0.0054157
                 166,              0.0303,           0.0076942,           0.0016697,             0.98885,             0.87199,             0.91999,             0.60632,            0.034039,           0.0081373,           0.0019022,           0.0053743,           0.0053743,           0.0053743
                 167,             0.03014,           0.0077319,           0.0017082,             0.98873,               0.872,             0.92001,             0.60588,            0.034025,           0.0081463,           0.0019018,           0.0053329,           0.0053329,           0.0053329
                 168,            0.029772,           0.0075926,           0.0015509,             0.98914,             0.87179,             0.92016,             0.60645,            0.034017,           0.0081561,           0.0019056,           0.0052917,           0.0052917,           0.0052917
                 169,            0.030182,           0.0077529,           0.0016419,             0.98943,             0.87199,             0.92028,             0.61293,             0.03401,           0.0081389,           0.0019062,           0.0052505,           0.0052505,           0.0052505
                 170,            0.029547,           0.0075466,           0.0015264,             0.98951,              0.8719,             0.92029,             0.61675,            0.033994,            0.008165,           0.0019057,           0.0052094,           0.0052094,           0.0052094
                 171,            0.029652,            0.007628,           0.0015671,             0.98935,             0.87205,              0.9207,             0.61715,            0.033993,           0.0081301,           0.0019031,           0.0051684,           0.0051684,           0.0051684
                 172,            0.029937,           0.0076856,           0.0016383,             0.98754,             0.87317,             0.92115,             0.61744,            0.033977,           0.0081226,           0.0019005,           0.0051274,           0.0051274,           0.0051274
                 173,            0.029458,           0.0075904,            0.001571,             0.99189,             0.87047,             0.92142,             0.61491,            0.033971,           0.0081264,           0.0019007,           0.0050866,           0.0050866,           0.0050866
                 174,            0.029421,           0.0076266,           0.0014584,             0.99159,             0.87197,             0.92225,             0.61473,            0.033976,           0.0081326,           0.0019002,           0.0050459,           0.0050459,           0.0050459
                 175,            0.029611,           0.0075855,           0.0015072,             0.99122,             0.87204,             0.92217,              0.6138,            0.033971,           0.0081322,           0.0019014,           0.0050052,           0.0050052,           0.0050052
                 176,            0.029633,           0.0076248,           0.0015998,             0.99139,             0.87197,             0.92214,             0.61423,             0.03396,           0.0081062,           0.0019041,           0.0049647,           0.0049647,           0.0049647
                 177,            0.029628,           0.0075667,           0.0015188,             0.99217,             0.87065,             0.92309,             0.61424,            0.033945,           0.0081255,            0.001903,           0.0049243,           0.0049243,           0.0049243
                 178,            0.029471,           0.0076306,           0.0015275,              0.9919,             0.87097,             0.92308,             0.61196,            0.033932,           0.0081303,           0.0018992,            0.004884,            0.004884,            0.004884
                 179,            0.029559,           0.0075401,           0.0015846,             0.99035,             0.87243,             0.92361,             0.61432,            0.033931,           0.0081086,           0.0018928,           0.0048439,           0.0048439,           0.0048439
                 180,            0.029293,           0.0074721,           0.0014986,             0.99035,             0.87248,             0.92415,             0.61453,            0.033932,           0.0081171,           0.0018935,           0.0048038,           0.0048038,           0.0048038
                 181,            0.029207,           0.0075297,           0.0015722,             0.99053,             0.87245,             0.92415,              0.6147,             0.03393,           0.0081097,           0.0018904,           0.0047639,           0.0047639,           0.0047639
                 182,            0.028954,           0.0074425,           0.0015093,              0.9905,             0.87258,             0.92408,             0.61529,            0.033915,           0.0081186,           0.0018934,           0.0047242,           0.0047242,           0.0047242
                 183,            0.029264,           0.0074926,           0.0016707,             0.99064,             0.87251,             0.92415,             0.61534,            0.033906,           0.0081142,           0.0018947,           0.0046845,           0.0046845,           0.0046845
                 184,            0.029259,           0.0074008,           0.0015225,             0.99052,             0.87257,             0.92412,             0.61299,            0.033903,           0.0081221,           0.0018984,            0.004645,            0.004645,            0.004645
                 185,            0.029115,           0.0075173,           0.0015612,             0.99065,             0.87253,             0.92415,             0.61357,            0.033899,           0.0081133,           0.0018985,           0.0046057,           0.0046057,           0.0046057
                 186,            0.028862,            0.007396,           0.0014173,             0.99199,             0.87135,             0.92415,             0.61498,             0.03389,           0.0081011,           0.0018994,           0.0045665,           0.0045665,           0.0045665
                 187,            0.028909,           0.0074189,           0.0015053,             0.99204,             0.87137,             0.92418,             0.61214,            0.033896,           0.0081028,           0.0018989,           0.0045275,           0.0045275,           0.0045275
                 188,            0.028864,           0.0073882,           0.0015066,             0.99022,             0.87272,              0.9242,             0.61174,            0.033889,           0.0081317,           0.0018993,           0.0044886,           0.0044886,           0.0044886
                 189,            0.028948,           0.0074135,           0.0014624,             0.99067,             0.87271,             0.92361,             0.61133,            0.033877,           0.0081054,           0.0018955,           0.0044499,           0.0044499,           0.0044499
                 190,            0.028539,           0.0072704,            0.001365,             0.99065,             0.87277,             0.92261,             0.61368,            0.033862,           0.0080946,           0.0018938,           0.0044114,           0.0044114,           0.0044114
                 191,            0.028447,           0.0073552,           0.0013833,             0.99222,             0.87247,              0.9236,             0.61428,             0.03387,           0.0081043,            0.001895,           0.0043731,           0.0043731,           0.0043731
                 192,            0.028553,            0.007361,           0.0013684,             0.99214,             0.87271,             0.92361,             0.61396,            0.033882,           0.0081261,           0.0018991,           0.0043349,           0.0043349,           0.0043349
                 193,            0.028815,           0.0075318,           0.0014477,             0.99208,              0.8727,             0.92361,             0.61418,            0.033893,           0.0081135,           0.0019015,           0.0042969,           0.0042969,           0.0042969
                 194,            0.028735,           0.0074745,           0.0015212,             0.98394,             0.87594,             0.92362,             0.61434,             0.03392,           0.0081223,           0.0018936,           0.0042591,           0.0042591,           0.0042591
                 195,            0.028508,           0.0073946,           0.0013777,             0.98434,             0.87577,             0.92361,             0.61499,            0.033933,           0.0081011,           0.0018884,           0.0042215,           0.0042215,           0.0042215
                 196,            0.028356,           0.0073656,            0.001381,             0.98465,             0.87447,             0.92422,              0.6177,            0.033951,           0.0080861,           0.0018875,            0.004184,            0.004184,            0.004184
                 197,            0.028522,           0.0073535,           0.0014304,             0.97152,             0.88294,             0.92487,             0.61999,            0.033958,           0.0080983,             0.00188,           0.0041468,           0.0041468,           0.0041468
                 198,             0.02825,           0.0072414,           0.0013742,             0.97244,              0.8833,             0.92564,             0.61666,            0.033956,           0.0080886,           0.0018735,           0.0041098,           0.0041098,           0.0041098
                 199,            0.028137,            0.007312,           0.0014148,             0.97253,             0.88226,             0.92569,             0.61923,            0.033929,           0.0080866,           0.0018666,            0.004073,            0.004073,            0.004073
                 200,            0.028411,           0.0073166,           0.0014085,             0.97275,             0.88214,             0.92571,              0.6196,            0.033895,           0.0081231,           0.0018659,           0.0040364,           0.0040364,           0.0040364
                 201,            0.028232,           0.0072854,           0.0014154,             0.97252,             0.88109,             0.92574,             0.61733,            0.033887,           0.0081122,           0.0018648,               0.004,               0.004,               0.004
                 202,            0.027948,           0.0072536,           0.0013716,             0.97005,             0.88159,             0.92574,             0.61689,            0.033864,           0.0080653,           0.0018651,           0.0039638,           0.0039638,           0.0039638
                 203,            0.028038,           0.0073371,           0.0014425,             0.97048,             0.88065,             0.92572,             0.61747,            0.033871,           0.0081117,           0.0018717,           0.0039279,           0.0039279,           0.0039279
                 204,            0.027882,           0.0072427,           0.0013871,             0.97074,             0.88044,             0.92573,             0.62535,            0.033855,           0.0080833,           0.0018708,           0.0038922,           0.0038922,           0.0038922
                 205,            0.027948,           0.0072469,           0.0013494,             0.97254,             0.87941,             0.92574,             0.62565,            0.033852,           0.0080933,           0.0018667,           0.0038567,           0.0038567,           0.0038567
                 206,            0.027784,           0.0072098,           0.0013515,             0.97269,             0.87957,             0.92762,             0.62697,             0.03384,           0.0080871,           0.0018623,           0.0038214,           0.0038214,           0.0038214
                 207,            0.027726,           0.0072089,           0.0013949,             0.97286,             0.87959,             0.92762,             0.62468,            0.033811,           0.0080713,           0.0018605,           0.0037864,           0.0037864,           0.0037864
                 208,            0.027842,            0.007144,           0.0012816,             0.97324,             0.87965,             0.92765,             0.62477,            0.033783,           0.0080572,           0.0018558,           0.0037517,           0.0037517,           0.0037517
                 209,            0.028088,           0.0072577,           0.0013979,             0.97354,              0.8801,             0.92768,             0.62484,            0.033747,           0.0080719,           0.0018506,           0.0037171,           0.0037171,           0.0037171
                 210,            0.027657,            0.007222,           0.0012986,             0.97247,             0.88053,             0.93265,             0.62727,             0.03373,           0.0080833,           0.0018473,           0.0036829,           0.0036829,           0.0036829
                 211,            0.027993,           0.0071507,           0.0013156,             0.97283,             0.88065,             0.93269,             0.62806,            0.033715,           0.0080706,           0.0018462,           0.0036489,           0.0036489,           0.0036489
                 212,             0.02731,           0.0070676,           0.0013185,             0.97286,             0.88056,             0.93269,              0.6279,            0.033698,           0.0080365,           0.0018446,           0.0036151,           0.0036151,           0.0036151
                 213,            0.027672,           0.0071438,           0.0013569,             0.97472,             0.87958,             0.93197,             0.62718,            0.033691,           0.0080575,           0.0018502,           0.0035816,           0.0035816,           0.0035816
                 214,            0.027643,           0.0071196,           0.0013348,             0.97687,             0.87725,             0.93188,             0.62637,            0.033695,           0.0080753,           0.0018582,           0.0035484,           0.0035484,           0.0035484
                 215,            0.027388,           0.0070965,           0.0013179,             0.97198,             0.88095,             0.93184,             0.62599,            0.033696,           0.0080495,           0.0018664,           0.0035154,           0.0035154,           0.0035154
                 216,            0.027492,           0.0070748,            0.001328,             0.97147,               0.881,             0.93536,             0.63141,            0.033718,           0.0080759,           0.0018778,           0.0034827,           0.0034827,           0.0034827
                 217,            0.027212,           0.0070402,           0.0013086,             0.97141,             0.88109,             0.93533,             0.63131,            0.033739,           0.0080799,           0.0018893,           0.0034503,           0.0034503,           0.0034503
                 218,            0.027367,           0.0071204,           0.0012912,             0.97273,             0.88094,             0.93529,             0.63213,            0.033742,           0.0080603,           0.0018952,           0.0034182,           0.0034182,           0.0034182
                 219,            0.027239,           0.0070898,           0.0013149,             0.97274,             0.88109,             0.93999,             0.63425,            0.033742,           0.0080681,           0.0019071,           0.0033863,           0.0033863,           0.0033863
                 220,            0.026776,           0.0069613,           0.0012101,             0.97329,             0.88145,              0.9352,             0.63234,            0.033735,           0.0080453,           0.0019164,           0.0033548,           0.0033548,           0.0033548
                 221,            0.026935,           0.0070482,           0.0012445,             0.97391,             0.88173,             0.93513,             0.63292,            0.033743,           0.0080667,           0.0019277,           0.0033235,           0.0033235,           0.0033235
                 222,             0.02684,           0.0070175,           0.0012547,             0.97472,             0.88172,             0.93515,             0.63201,             0.03374,           0.0080727,           0.0019346,           0.0032925,           0.0032925,           0.0032925
                 223,            0.027172,           0.0069665,           0.0012848,              0.9755,             0.88171,             0.93385,             0.63184,            0.033732,           0.0080615,           0.0019334,           0.0032618,           0.0032618,           0.0032618
                 224,             0.02655,           0.0069338,           0.0011924,             0.97589,             0.88173,              0.9386,             0.63646,            0.033732,           0.0080685,           0.0019367,           0.0032314,           0.0032314,           0.0032314
                 225,            0.026976,           0.0069351,           0.0011916,             0.97665,             0.88172,             0.93856,             0.63815,            0.033732,           0.0080722,           0.0019411,           0.0032013,           0.0032013,           0.0032013
                 226,            0.026864,           0.0069712,            0.001339,             0.97989,             0.87904,             0.93916,             0.63728,            0.033747,           0.0080592,           0.0019471,           0.0031716,           0.0031716,           0.0031716
                 227,            0.026846,           0.0069212,            0.001331,             0.89996,             0.94415,             0.94574,             0.64138,            0.033744,           0.0080412,           0.0019528,           0.0031421,           0.0031421,           0.0031421
                 228,            0.026842,           0.0069584,           0.0012493,             0.89944,             0.94526,             0.94639,              0.6418,            0.033731,           0.0080337,           0.0019552,            0.003113,            0.003113,            0.003113
                 229,             0.02642,            0.006876,           0.0011547,              0.8999,              0.9438,             0.94619,             0.64375,             0.03373,           0.0080639,            0.001957,           0.0030841,           0.0030841,           0.0030841
                 230,            0.026678,           0.0069953,           0.0012839,             0.89956,             0.94444,             0.94769,             0.64151,             0.03371,           0.0080629,           0.0019577,           0.0030556,           0.0030556,           0.0030556
                 231,             0.02679,           0.0069672,           0.0012117,             0.89951,             0.94443,             0.94688,             0.64286,            0.033713,           0.0080494,           0.0019618,           0.0030274,           0.0030274,           0.0030274
                 232,            0.026653,           0.0069004,           0.0011866,             0.90037,             0.94441,             0.94685,             0.64231,            0.033739,           0.0080721,           0.0019652,           0.0029996,           0.0029996,           0.0029996
                 233,            0.026655,           0.0068883,           0.0011544,             0.90023,             0.94449,             0.94681,             0.64117,            0.033747,           0.0080669,           0.0019665,            0.002972,            0.002972,            0.002972
                 234,             0.02631,           0.0068581,           0.0012388,              0.9003,             0.94449,             0.94678,             0.64048,            0.033756,           0.0080897,           0.0019663,           0.0029448,           0.0029448,           0.0029448
                 235,            0.026651,           0.0068774,           0.0012301,             0.89993,             0.94453,             0.94673,             0.63977,            0.033763,           0.0080616,           0.0019686,           0.0029179,           0.0029179,           0.0029179
                 236,            0.026203,           0.0068118,            0.001172,              0.9013,             0.94466,             0.94676,             0.63882,            0.033751,           0.0080726,             0.00197,           0.0028914,           0.0028914,           0.0028914
                 237,            0.026403,           0.0068908,           0.0012354,             0.90064,             0.94448,             0.94605,             0.63795,            0.033751,           0.0080864,            0.001976,           0.0028652,           0.0028652,           0.0028652
                 238,             0.02633,           0.0070327,           0.0011312,             0.90127,             0.94464,             0.94602,             0.64126,             0.03376,           0.0080639,           0.0019758,           0.0028394,           0.0028394,           0.0028394
                 239,            0.026398,           0.0068744,           0.0012482,             0.90243,             0.94447,             0.94603,             0.63939,            0.033762,           0.0080743,           0.0019754,           0.0028139,           0.0028139,           0.0028139
                 240,            0.026333,           0.0069041,           0.0011655,             0.90203,             0.94441,             0.94535,              0.6393,            0.033775,           0.0080606,           0.0019741,           0.0027887,           0.0027887,           0.0027887
                 241,            0.026157,            0.006814,           0.0011607,             0.90194,              0.9445,             0.94536,             0.63519,             0.03378,           0.0080687,           0.0019761,           0.0027639,           0.0027639,           0.0027639
                 242,            0.026277,           0.0068459,           0.0011836,             0.90186,              0.9445,             0.94535,             0.64099,            0.033788,           0.0080713,           0.0019812,           0.0027395,           0.0027395,           0.0027395
                 243,            0.026282,           0.0067755,           0.0011446,             0.90191,              0.9445,             0.94527,             0.63432,            0.033781,           0.0080682,           0.0019894,           0.0027154,           0.0027154,           0.0027154
                 244,            0.026061,           0.0067935,           0.0012068,              0.9016,             0.94466,             0.94528,             0.63794,            0.033775,            0.008064,           0.0019893,           0.0026917,           0.0026917,           0.0026917
                 245,            0.026128,           0.0068016,           0.0011254,             0.90133,             0.94446,             0.94526,             0.63819,            0.033756,           0.0080769,           0.0019885,           0.0026683,           0.0026683,           0.0026683
                 246,            0.025738,           0.0067176,           0.0011103,             0.90112,             0.94347,             0.94527,             0.63902,            0.033749,           0.0080909,           0.0019871,           0.0026453,           0.0026453,           0.0026453
                 247,            0.026285,           0.0068695,           0.0011661,             0.90231,             0.94375,             0.94526,             0.63936,            0.033761,           0.0080687,           0.0019879,           0.0026227,           0.0026227,           0.0026227
                 248,             0.02605,           0.0067458,           0.0011548,             0.90166,             0.94417,             0.94523,             0.63991,            0.033752,           0.0080635,           0.0019905,           0.0026004,           0.0026004,           0.0026004
                 249,             0.02582,           0.0067715,           0.0011545,             0.90298,             0.94466,             0.94526,             0.63989,            0.033747,            0.008076,           0.0019898,           0.0025785,           0.0025785,           0.0025785
                 250,            0.025612,           0.0067558,           0.0011366,             0.90321,             0.94439,             0.94527,             0.63967,            0.033737,           0.0080784,           0.0019908,            0.002557,            0.002557,            0.002557
                 251,            0.025877,           0.0067392,            0.001149,             0.90156,             0.94446,             0.94522,             0.63969,            0.033722,            0.008062,           0.0019921,           0.0025359,           0.0025359,           0.0025359
                 252,            0.025926,           0.0067429,           0.0012407,             0.90178,             0.94466,             0.94521,             0.63989,            0.033726,           0.0080534,           0.0019911,           0.0025151,           0.0025151,           0.0025151
                 253,            0.025429,           0.0066763,           0.0011406,             0.90306,              0.9444,             0.94518,             0.63944,            0.033741,            0.008043,           0.0019923,           0.0024948,           0.0024948,           0.0024948
                 254,            0.025512,           0.0066376,           0.0011306,             0.90391,             0.94466,             0.94519,             0.63969,             0.03376,            0.008055,           0.0019939,           0.0024748,           0.0024748,           0.0024748
                 255,            0.025504,           0.0066515,           0.0010414,             0.90337,             0.94435,             0.94518,             0.63947,            0.033772,           0.0080314,           0.0019949,           0.0024552,           0.0024552,           0.0024552
                 256,            0.025638,           0.0066784,           0.0010701,             0.90263,             0.94381,             0.94517,             0.63936,            0.033769,           0.0080383,           0.0019954,            0.002436,            0.002436,            0.002436
                 257,            0.025814,           0.0067045,           0.0011115,             0.90255,             0.94424,             0.94518,             0.63952,            0.033778,           0.0080331,           0.0019996,           0.0024172,           0.0024172,           0.0024172
                 258,            0.025522,           0.0066637,            0.001047,              0.9023,             0.94441,             0.94516,             0.63682,            0.033753,           0.0080411,           0.0020016,           0.0023987,           0.0023987,           0.0023987
                 259,            0.025717,            0.006717,           0.0011034,             0.90345,             0.94425,             0.94518,             0.63738,            0.033698,           0.0080486,           0.0020053,           0.0023807,           0.0023807,           0.0023807
                 260,            0.025433,           0.0066877,           0.0011024,             0.90214,             0.94466,             0.94584,             0.63733,            0.033686,           0.0080514,           0.0020063,           0.0023631,           0.0023631,           0.0023631
                 261,            0.025346,           0.0066762,           0.0011274,             0.90264,             0.94454,             0.94583,             0.63737,            0.033691,           0.0080521,           0.0020084,           0.0023458,           0.0023458,           0.0023458
                 262,            0.025455,           0.0066534,            0.001088,             0.90222,             0.94453,             0.94583,             0.64053,            0.033701,           0.0080614,            0.002011,            0.002329,            0.002329,            0.002329
                 263,            0.025572,           0.0066615,           0.0011389,             0.90075,             0.94431,             0.94567,             0.63853,             0.03372,           0.0080323,           0.0020198,           0.0023125,           0.0023125,           0.0023125
                 264,            0.025111,           0.0066407,           0.0010839,             0.90083,             0.94466,             0.94561,             0.64005,            0.033733,           0.0080611,           0.0020269,           0.0022965,           0.0022965,           0.0022965
                 265,            0.025044,           0.0065294,            0.001052,             0.90212,             0.94435,              0.9449,             0.64017,            0.033733,           0.0080714,           0.0020338,           0.0022809,           0.0022809,           0.0022809
                 266,            0.025178,           0.0066073,           0.0011002,             0.90283,             0.94442,             0.94402,             0.63774,            0.033753,           0.0080675,           0.0020389,           0.0022657,           0.0022657,           0.0022657
                 267,            0.025304,           0.0066438,           0.0011223,             0.90381,             0.94466,             0.94398,               0.635,            0.033754,           0.0080448,            0.002044,           0.0022509,           0.0022509,           0.0022509
                 268,            0.025432,           0.0066516,           0.0011411,             0.90385,             0.94466,             0.94339,              0.6345,            0.033756,           0.0080635,           0.0020504,           0.0022365,           0.0022365,           0.0022365
                 269,            0.025276,           0.0065583,            0.001103,             0.90401,             0.94466,             0.94453,             0.63636,            0.033753,           0.0080758,           0.0020506,           0.0022225,           0.0022225,           0.0022225
                 270,            0.025006,           0.0065169,           0.0010418,              0.9043,             0.94466,             0.94395,             0.63231,            0.033757,           0.0080552,           0.0020505,           0.0022089,           0.0022089,           0.0022089
                 271,            0.025101,           0.0065323,           0.0010959,             0.90525,             0.94574,             0.94392,             0.63516,            0.033768,            0.008077,           0.0020501,           0.0021958,           0.0021958,           0.0021958
                 272,            0.025193,           0.0066008,           0.0011172,             0.90567,             0.94574,             0.94393,             0.63412,            0.033781,           0.0080698,           0.0020543,            0.002183,            0.002183,            0.002183
                 273,            0.025181,           0.0065634,           0.0011176,             0.90561,             0.94574,             0.94339,              0.6338,            0.033789,           0.0080631,            0.002062,           0.0021707,           0.0021707,           0.0021707
                 274,            0.025099,           0.0064823,           0.0010792,             0.90598,             0.94553,             0.94337,             0.63307,            0.033792,           0.0080644,           0.0020692,           0.0021588,           0.0021588,           0.0021588
                 275,            0.024852,           0.0065765,            0.001068,             0.90515,             0.94466,             0.94333,             0.63263,             0.03378,           0.0080579,           0.0020742,           0.0021473,           0.0021473,           0.0021473
                 276,            0.024826,           0.0065107,           0.0010764,              0.9042,             0.94423,             0.94279,             0.63363,            0.033788,            0.008098,           0.0020792,           0.0021363,           0.0021363,           0.0021363
                 277,            0.024924,           0.0065233,            0.001047,             0.90492,             0.94466,             0.94287,             0.63188,             0.03379,           0.0080834,           0.0020764,           0.0021257,           0.0021257,           0.0021257
                 278,            0.025033,           0.0065516,           0.0010775,             0.90272,             0.94466,             0.94286,             0.63223,            0.033809,            0.008063,           0.0020704,           0.0021155,           0.0021155,           0.0021155
                 279,             0.02486,           0.0065308,           0.0010457,             0.90266,             0.94466,             0.94285,             0.63357,             0.03381,           0.0080742,           0.0020664,           0.0021057,           0.0021057,           0.0021057
                 280,            0.025036,           0.0065635,           0.0011266,             0.90269,             0.94466,             0.94284,             0.63477,            0.033786,           0.0080513,           0.0020638,           0.0020963,           0.0020963,           0.0020963
                 281,            0.024754,           0.0064877,            0.001095,             0.90328,             0.94458,             0.94286,             0.63386,            0.033777,           0.0080423,           0.0020639,           0.0020874,           0.0020874,           0.0020874
                 282,            0.024759,           0.0064621,          0.00099692,             0.90354,             0.94574,             0.94281,             0.63488,            0.033803,           0.0080879,           0.0020652,           0.0020789,           0.0020789,           0.0020789
                 283,            0.024929,           0.0064453,           0.0010557,             0.90213,             0.94574,             0.94278,             0.63465,            0.033825,           0.0080622,           0.0020663,           0.0020709,           0.0020709,           0.0020709
                 284,            0.024701,           0.0064966,           0.0010547,             0.90298,             0.94532,             0.94279,             0.63445,            0.033835,           0.0080936,           0.0020662,           0.0020632,           0.0020632,           0.0020632
                 285,            0.024763,           0.0065011,            0.001059,             0.90181,             0.94574,             0.94277,             0.63567,            0.033839,           0.0080583,           0.0020662,            0.002056,            0.002056,            0.002056
                 286,            0.024943,           0.0066217,           0.0010593,             0.90088,             0.94574,             0.94281,             0.63568,            0.033844,            0.008075,            0.002066,           0.0020492,           0.0020492,           0.0020492
                 287,            0.024847,           0.0064906,           0.0010816,             0.90185,             0.94574,             0.94281,             0.63656,            0.033828,           0.0080833,           0.0020671,           0.0020429,           0.0020429,           0.0020429
                 288,            0.024722,           0.0065033,           0.0010111,             0.90195,             0.94574,             0.94326,             0.63219,            0.033805,           0.0080796,           0.0020708,            0.002037,            0.002037,            0.002037
                 289,            0.024665,           0.0064746,           0.0010601,             0.90336,              0.9455,             0.94327,             0.63157,             0.03383,           0.0080841,           0.0020768,           0.0020315,           0.0020315,           0.0020315
                 290,             0.02461,           0.0064415,            0.001042,              0.9016,             0.94508,             0.94325,             0.63337,            0.033844,           0.0080639,           0.0020801,           0.0020265,           0.0020265,           0.0020265
                 291,            0.025063,           0.0065132,           0.0010452,             0.90045,             0.94574,             0.94329,             0.63225,             0.03385,           0.0080569,           0.0020845,           0.0020219,           0.0020219,           0.0020219
                 292,            0.024773,           0.0064534,           0.0010661,             0.98292,             0.88316,             0.94327,             0.63199,            0.033855,            0.008084,           0.0020833,           0.0020178,           0.0020178,           0.0020178
                 293,            0.024743,           0.0064927,            0.001057,             0.98324,             0.88325,             0.94296,             0.63149,             0.03386,           0.0080991,           0.0020861,            0.002014,            0.002014,            0.002014
                 294,            0.024679,           0.0065565,           0.0010175,             0.95592,             0.94434,             0.95352,             0.64484,            0.033873,           0.0080852,           0.0020897,           0.0020107,           0.0020107,           0.0020107
                 295,            0.024888,           0.0065366,           0.0011434,             0.95637,             0.94395,             0.95349,             0.64522,            0.033884,           0.0080906,           0.0020951,           0.0020079,           0.0020079,           0.0020079
                 296,            0.024551,           0.0064462,           0.0010325,             0.95588,              0.9437,               0.952,             0.64378,            0.033882,           0.0080777,           0.0020979,           0.0020055,           0.0020055,           0.0020055
                 297,            0.024713,           0.0064407,           0.0010616,               0.957,             0.94206,             0.95051,             0.64429,            0.033871,           0.0080938,           0.0020963,           0.0020035,           0.0020035,           0.0020035
                 298,            0.024912,             0.00645,           0.0010949,             0.98393,             0.88321,              0.9399,             0.64058,            0.033875,           0.0081094,           0.0020982,            0.002002,            0.002002,            0.002002
                 299,             0.02493,            0.006614,            0.001081,             0.98418,             0.88322,             0.93919,             0.63967,            0.033893,            0.008108,           0.0020934,           0.0020009,           0.0020009,           0.0020009
